complex_id,avg_correlation,num_proteins,num_pairs,proteins_used
Replication_protein_A_complex,0.5623361201737412,2,1,"['OG6_101316', 'OG6_102423']"
U1_small_nuclear_ribonucleoprotein_complex,0.1363240489289964,11,36,"['OG6_100753', 'OG6_104156', 'OG6_101868', 'OG6_102085', 'OG6_102196', 'OG6_102296', 'OG6_102349', 'OG6_102452', 'OG6_104156', 'OG6_102948', 'OG6_102323']"
U6_small_nuclear_ribonucleoprotein_complex,-0.07650597726296962,2,1,"['OG6_102392', 'OG6_103012']"
U4/U6.U5_tri-small_nuclear_ribonucleoprotein_complex,0.048766235737410076,17,136,"['OG6_102682', 'OG6_102752', 'OG6_102378', 'OG6_100305', 'OG6_101765', 'OG6_101116', 'OG6_101868', 'OG6_102392', 'OG6_102085', 'OG6_102494', 'OG6_102196', 'OG6_102452', 'OG6_102616', 'OG6_102323', 'OG6_102797', 'OG6_103136', 'OG6_103596']"
U2_small_nuclear_ribonucleoprotein_complex,0.06771647545773912,15,105,"['OG6_102246', 'OG6_101868', 'OG6_102431', 'OG6_100753', 'OG6_102085', 'OG6_103002', 'OG6_101702', 'OG6_102196', 'OG6_102452', 'OG6_102282', 'OG6_102496', 'OG6_102323', 'OG6_102158', 'OG6_102567', 'OG6_102421']"
U5_small_nuclear_ribonucleoprotein_complex,0.14419329611008536,11,55,"['OG6_102682', 'OG6_102378', 'OG6_100305', 'OG6_101765', 'OG6_103383', 'OG6_101868', 'OG6_102085', 'OG6_102196', 'OG6_102452', 'OG6_102323', 'OG6_102797']"
"U5_small_nuclear_ribonucleoprotein_complex,_AAR2_variant",0.2770307462694155,7,21,"['OG6_103436', 'OG6_101765', 'OG6_101868', 'OG6_102085', 'OG6_102196', 'OG6_102452', 'OG6_102323']"
U4_small_nuclear_ribonucleoprotein_complex,0.1600109659491504,8,28,"['OG6_102752', 'OG6_101116', 'OG6_101868', 'OG6_102085', 'OG6_102196', 'OG6_102452', 'OG6_102616', 'OG6_102323']"
U4/U6_small_nuclear_ribonucleoprotein_complex,0.11536042984240799,10,45,"['OG6_102752', 'OG6_101116', 'OG6_101868', 'OG6_102392', 'OG6_102085', 'OG6_102494', 'OG6_102196', 'OG6_102452', 'OG6_102616', 'OG6_102323']"
Sm_complex,0.4890842872422688,5,10,"['OG6_101868', 'OG6_102085', 'OG6_102196', 'OG6_102452', 'OG6_102323']"
LSM1-7_complex,-0.04063129826101081,2,1,"['OG6_102392', 'OG6_102846']"
LSM1-7-PAT1_complex,-0.003156646120987499,3,3,"['OG6_111832', 'OG6_102392', 'OG6_102846']"
HIR_complex,-0.10942326059552919,2,1,"['OG6_103167', 'OG6_127207']"
MICOS_mitochondrial_contact_site_and_cristae_organizing_system_complex,-0.040896431624972134,3,3,"['OG6_103871', 'OG6_118306', 'OG6_115066']"
Bub1-Bub3_complex,-0.02112885636821291,2,1,"['OG6_102928', 'OG6_103677']"
FZO1-MGM1-UGO1_complex,0.015301020601878554,3,3,"['OG6_114251', 'OG6_112063', 'OG6_112510']"
Dehydrodolichyl_diphosphate_synthase_complex_variant_RER2,-0.02548235957188128,2,1,"['OG6_100493', 'OG6_104306']"
Dehydrodolichyl_diphosphate_synthase_complex_variant_SRT1,-0.02548235957188128,2,1,"['OG6_100493', 'OG6_104306']"
Snf1_protein_kinase_complex_variant_GAL83,0.22731344866283765,3,3,"['OG6_100252', 'OG6_101734', 'OG6_101253']"
Snf1_protein_kinase_complex_variant_SIP1,-0.0807776056238314,2,1,"['OG6_100252', 'OG6_101734']"
FAL1-SGD1_complex,0.08767571658435747,2,1,"['OG6_102915', 'OG6_101114']"
"GID_E3_ubiquitin_ligase_complex,_GID4_variant",0.016279042653437756,6,15,"['OG6_102395', 'OG6_104071', 'OG6_102654', 'OG6_103231', 'OG6_102407', 'OG6_102297']"
"Mitochondrial_pyruvate_carrier,_fermentative_isoform",-0.02192645048267573,2,1,"['OG6_101975', 'OG6_102458']"
"Mitochondrial_pyruvate_carrier,_respiratory_isoform",-0.02192645048267573,2,1,"['OG6_102458', 'OG6_101975']"
Endoplasmic_Reticulum_Membrane_Complex,0.05741458306541628,4,6,"['OG6_102462', 'OG6_102473', 'OG6_102350', 'OG6_102320']"
Glutathione_hydrolase_complex,0.2098408987497271,2,1,"['OG6_100503', 'OG6_106702']"
CLB1-CDC28_kinase_complex,0.09055940182308295,2,1,"['OG6_100334', 'OG6_100199']"
CLB3-CDC28_kinase_complex,0.09055940182308295,2,1,"['OG6_100334', 'OG6_100199']"
CLB4-CDC28_kinase_complex,0.09055940182308295,2,1,"['OG6_100334', 'OG6_100199']"
CLN2-CDC28_kinase_complex,-0.025724083670043935,3,3,"['OG6_100334', 'OG6_222615', 'OG6_100899']"
ATG2-ATG18_complex,-0.07850308728661012,2,1,"['OG6_103112', 'OG6_102791']"
CBP3-CBP6_complex,0.8659806561020291,2,1,"['OG6_107653', 'OG6_103736']"
TAH18-DRE2_complex,0.054796117700527,2,1,"['OG6_102453', 'OG6_100390']"
Coenzyme_A-synthesizing_protein_complex,-0.017260089379723155,4,6,"['OG6_100772', 'OG6_102247', 'OG6_101466', 'OG6_101308']"
Glutamyl-tRNA(Gln)_amidotransferase_complex,0.3306017553812397,2,1,"['OG6_101213', 'OG6_101205']"
Glucosidase_II_complex,-0.08687363565957064,2,1,"['OG6_100592', 'OG6_102618']"
ELG1-RFC_complex_,-0.0754515553172134,4,1,"['OG6_102480', 'OG6_100321', 'OG6_100321', 'OG6_101335']"
"Elongation_Factor_eEF1_complex,_variant_TEF4",0.26031389010920974,3,3,"['OG6_100227', 'OG6_101695', 'OG6_101050']"
PAN1_actin_cytoskeleton-regulatory_complex,0.13533972801795133,3,3,"['OG6_113577', 'OG6_113608', 'OG6_123057']"
Eukaryotic_translation_initiation_factor_2_complex,0.29276722066873045,3,3,"['OG6_101265', 'OG6_101220', 'OG6_101121']"
Eukaryotic_translation_initiation_factor_2B_complex,0.05629074800993068,5,10,"['OG6_102755', 'OG6_101847', 'OG6_102141', 'OG6_101778', 'OG6_102470']"
"Eukaryotic_translation_initiation_factor_4F_complex,_variant_TIF4631",-0.022603809111482045,3,3,"['OG6_100627', 'OG6_101294', 'OG6_111107']"
"Eukaryotic_translation_initiation_factor_4F_complex,_variant_TIF4632",-0.022603809111482045,3,3,"['OG6_100627', 'OG6_101294', 'OG6_111107']"
ERF1-ERF3_translation_release_factor_complex,-0.08329048786627206,2,1,"['OG6_101550', 'OG6_100994']"
DOM34-HBS1_ribosome_dissociation_complex,-0.07527384795725435,2,1,"['OG6_103149', 'OG6_101450']"
TOM40_mitochondrial_outer_membrane_translocase_core_complex,-0.021926450482675726,2,1,"['OG6_101593', 'OG6_111918']"
TOM40_mitochondrial_outer_membrane_translocase_holocomplex,-0.06304040447396357,4,6,"['OG6_104251', 'OG6_101593', 'OG6_104980', 'OG6_111918']"
Adaptor_complex_AP-1,0.08833787773021677,4,6,"['OG6_100926', 'OG6_100684', 'OG6_101263', 'OG6_101228']"
Adaptor_complex_AP-1R,0.1924607352241365,3,3,"['OG6_100926', 'OG6_100684', 'OG6_101228']"
Adapter_complex_AP-2,0.04268580846565504,4,6,"['OG6_100684', 'OG6_101447', 'OG6_102766', 'OG6_102976']"
Adapter_complex_AP-3,-0.04725789387611243,3,3,"['OG6_101595', 'OG6_102376', 'OG6_102126']"
cAMP-dependent_protein_kinase_complex_variant_1,0.04318416604345371,2,1,"['OG6_100326', 'OG6_100449']"
cAMP-dependent_protein_kinase_complex_variant_2,0.04318416604345371,2,1,"['OG6_100326', 'OG6_100449']"
DNA_replication_factor_C_complex,-0.07785010339871608,5,3,"['OG6_102480', 'OG6_100321', 'OG6_101059', 'OG6_100321', 'OG6_101335']"
NDC80_complex,0.04190489997842539,2,1,"['OG6_103226', 'OG6_116989']"
Mitochondrial_isocitrate_dehydrogenase_complex_(NAD+),0.9772630366245225,2,1,"['OG6_100541', 'OG6_101342']"
Mitochondrial_respiratory_chain_complex_II,0.2825451959108955,3,3,"['OG6_100664', 'OG6_103841', 'OG6_100447']"
Mitochondrial_respiratory_chain_complex_III,0.032948085984101504,7,21,"['OG6_102683', 'OG6_103572', 'OG6_102032', 'OG6_109499', 'OG6_103720', 'OG6_101749', 'OG6_105128']"
cAMP-dependent_protein_kinase_complex_variant_3,0.04318416604345371,2,1,"['OG6_100326', 'OG6_100449']"
Carbamoyl-phosphate_synthase_arginine-specific,-0.028162798131824464,2,1,"['OG6_100435', 'OG6_103680']"
mRNA_capping_enzyme_complex,0.3225969217994359,2,1,"['OG6_111222', 'OG6_101990']"
Calcineurin_complex_variant_1,0.02888892214687266,2,1,"['OG6_100566', 'OG6_101614']"
Calcineurin_complex_variant_2,0.02888892214687266,2,1,"['OG6_100566', 'OG6_101614']"
"Nuclear/nucleolar_exosome_complex,_DIS3-RRP6_variant",0.2251346810974028,10,28,"['OG6_100420', 'OG6_101400', 'OG6_102545', 'OG6_103234', 'OG6_101821', 'OG6_100420', 'OG6_101226', 'OG6_102463', 'OG6_101473', 'OG6_129058']"
"Cytoplasmic_exosome_complex,_DIS3_variant",0.25768380228651394,9,21,"['OG6_100420', 'OG6_101400', 'OG6_102545', 'OG6_103234', 'OG6_101821', 'OG6_100420', 'OG6_101226', 'OG6_102463', 'OG6_129058']"
Actin-related_protein_2/3_complex,0.7866618595597431,6,15,"['OG6_102757', 'OG6_102934', 'OG6_101628', 'OG6_102485', 'OG6_102024', 'OG6_102851']"
Signal_recognition_particle,0.2982824797554145,6,15,"['OG6_100507', 'OG6_101284', 'OG6_499891', 'OG6_102026', 'OG6_102219', 'OG6_103910']"
ISW1a_chromatin_remodeling_complex,0.0720619713123218,2,1,"['OG6_100877', 'OG6_222577']"
SAGA_complex,0.016438828156786482,17,136,"['OG6_105306', 'OG6_122832', 'OG6_104616', 'OG6_102222', 'OG6_112471', 'OG6_102926', 'OG6_101815', 'OG6_114268', 'OG6_102914', 'OG6_500210', 'OG6_103103', 'OG6_120122', 'OG6_100940', 'OG6_101489', 'OG6_101921', 'OG6_103784', 'OG6_119711']"
Adenylyl_cyclase_complex,-0.21468449304405718,2,1,"['OG6_102913', 'OG6_101374']"
ISW2_chromatin_remodeling_complex,0.0665004573683137,3,3,"['OG6_108356', 'OG6_103217', 'OG6_100877']"
Box_C/D_snoRNP_complex,0.0018326752265262064,3,3,"['OG6_100868', 'OG6_101116', 'OG6_101575']"
ISW2_chromatin_remodeling_complex_variant_2,0.10795622401186614,2,1,"['OG6_108356', 'OG6_100877']"
Box_H/ACA_ribonucleoprotein_complex,0.09565582470749989,3,3,"['OG6_102146', 'OG6_102271', 'OG6_100327']"
Anaphase-Promoting_core_complex_,-0.0003766177658020181,7,21,"['OG6_102501', 'OG6_102790', 'OG6_101939', 'OG6_102604', 'OG6_102115', 'OG6_104954', 'OG6_103028']"
"Anaphase-Promoting_Complex,_CDC20_variant",-0.009967458053367727,8,28,"['OG6_102501', 'OG6_102790', 'OG6_101791', 'OG6_101939', 'OG6_102604', 'OG6_102115', 'OG6_104954', 'OG6_103028']"
"Anaphase-Promoting_Complex,_CDH1_variant",0.025300054224206912,8,28,"['OG6_102501', 'OG6_102790', 'OG6_101939', 'OG6_102604', 'OG6_101383', 'OG6_102115', 'OG6_104954', 'OG6_103028']"
Anaphase-Promoting_complex_AMA1_variant,-0.0003766177658020181,7,21,"['OG6_102501', 'OG6_102790', 'OG6_101939', 'OG6_102604', 'OG6_102115', 'OG6_104954', 'OG6_103028']"
Nuclear_origin_recognition_complex,-0.007011636847424868,5,10,"['OG6_102887', 'OG6_500607', 'OG6_100406', 'OG6_104370', 'OG6_103029']"
UTP-C_complex_variant_2,0.150009703817748,5,3,"['OG6_100821', 'OG6_103832', 'OG6_100687', 'OG6_100687', 'OG6_102389']"
UTP-C_complex_variant_1,0.18086538043749106,6,1,"['OG6_100821', 'OG6_100821', 'OG6_103832', 'OG6_100687', 'OG6_100687', 'OG6_102389']"
UTP-C_complex_variant_3,0.150009703817748,5,3,"['OG6_100821', 'OG6_103832', 'OG6_100687', 'OG6_100687', 'OG6_102389']"
CURI_complex_variant_1,0.18086538043749106,6,1,"['OG6_100821', 'OG6_100821', 'OG6_103832', 'OG6_100687', 'OG6_100687', 'OG6_102389']"
CURI_complex_variant_2,0.150009703817748,5,3,"['OG6_100821', 'OG6_103832', 'OG6_100687', 'OG6_100687', 'OG6_102389']"
CURI_complex_variant_3,0.150009703817748,5,3,"['OG6_100821', 'OG6_103832', 'OG6_100687', 'OG6_100687', 'OG6_102389']"
Elongator_holoenzyme_complex,0.017957356099289216,5,10,"['OG6_137837', 'OG6_103229', 'OG6_103712', 'OG6_100741', 'OG6_500014']"
Signal_recognition_particle_receptor_complex,-0.03962610841657467,2,1,"['OG6_100631', 'OG6_103000']"
NatC_N-alpha-acetyltransferase_complex,0.09263016775911699,2,1,"['OG6_103368', 'OG6_101962']"
NatB_N-alpha-acetyltransferase_complex,-0.06675829039172516,2,1,"['OG6_102129', 'OG6_102465']"
NatA_N-alpha-acetyltransferase_complex,-0.04069732031859489,3,3,"['OG6_100590', 'OG6_101670', 'OG6_102120']"
INO80_chromatin_remodeling_complex,0.06545349547807991,10,45,"['OG6_104604', 'OG6_123100', 'OG6_123088', 'OG6_103743', 'OG6_104278', 'OG6_100127', 'OG6_102754', 'OG6_101792', 'OG6_104893', 'OG6_101635']"
FET3-FTR1_high_affinity_iron_permease_complex,-0.11869154026759587,2,1,"['OG6_100257', 'OG6_107140']"
FET5-FTH1_high_affinity_iron_exporter_complex,-0.11869154026759587,2,1,"['OG6_107140', 'OG6_100257']"
ESCRT-I_complex,0.5921857636494987,2,1,"['OG6_102944', 'OG6_103220']"
MBP_transcription_complex,0.04368914981560723,2,1,"['OG6_115793', 'OG6_111252']"
GET_complex,-0.009961729623133372,3,3,"['OG6_198766', 'OG6_105089', 'OG6_100709']"
"Mitotic_spindle_assembly_checkpoint,_MAD1-MAD2_complex",-0.03271599595667704,2,1,"['OG6_103958', 'OG6_103574']"
"Mitotic_checkpoint_complex,_CDC20-MAD2_subcomplex",-0.02904964468870634,2,1,"['OG6_101791', 'OG6_103574']"
"Mitotic_checkpoint_complex,_MAD2-MAD3-BUB3-CDC20",-0.031207387207345744,3,3,"['OG6_101791', 'OG6_102928', 'OG6_103574']"
CDC24-FAR1-Gbetagamma_complex,-0.02697956037269276,3,3,"['OG6_112509', 'OG6_101247', 'OG6_110251']"
KEOPS_tRNA_N6-adenosine_threonylcarbamoyltransferase_complex,0.38521324551262276,4,6,"['OG6_100288', 'OG6_500766', 'OG6_101388', 'OG6_103892']"
DRS2-CDC50_P4-ATPase_complex,-0.08470470997752534,2,1,"['OG6_100927', 'OG6_100089']"
DNF1-LEM3_P4-ATPase_complex,-0.23301598424846956,2,1,"['OG6_100089', 'OG6_138269']"
DNF2-LEM3_P4-ATPase_complex,-0.23301598424846956,2,1,"['OG6_138269', 'OG6_100089']"
DNF3-CRF1_P4-ATPase_complex,-0.04841229182759271,2,1,"['OG6_100927', 'OG6_102565']"
NEO1-MON2-ARL1-DOP1_membrane_remodeling_complex,0.10468836415674633,3,3,"['OG6_101160', 'OG6_102916', 'OG6_102162']"
DNA_mismatch_repair_MutSbeta_complex,-0.028676966733820225,2,1,"['OG6_105075', 'OG6_102031']"
DNA_mismatch_repair_MutSalpha_complex,-0.049876492195063286,2,1,"['OG6_102031', 'OG6_100652']"
COMPASS_complex,0.04900037586174752,6,15,"['OG6_102214', 'OG6_101262', 'OG6_103359', 'OG6_102272', 'OG6_119798', 'OG6_103538']"
SKI_complex,0.24370456908958818,3,3,"['OG6_103307', 'OG6_100340', 'OG6_103719']"
DASH_complex,0.1736980623015779,3,3,"['OG6_117018', 'OG6_122175', 'OG6_119785']"
ERV41-ERV46_retrograde_receptor_complex,-0.017789201674120497,2,1,"['OG6_101674', 'OG6_105529']"
Cleavage_and_polyadenylation_specificity_factor_complex,0.02411330048869692,11,55,"['OG6_100691', 'OG6_100222', 'OG6_102091', 'OG6_102214', 'OG6_102397', 'OG6_103053', 'OG6_103165', 'OG6_137869', 'OG6_103251', 'OG6_101260', 'OG6_103351']"
"Importin_complex,_KAP60-KAP95",0.25610498985430585,2,1,"['OG6_100442', 'OG6_101642']"
RecQ_helicase-Topo_III_complex,-0.03165924945275062,3,3,"['OG6_101027', 'OG6_100352', 'OG6_104074']"
RNA_polymerase_I_upstream_activating_factor_complex,0.10996537433022747,3,3,"['OG6_100120', 'OG6_500873', 'OG6_100119']"
HICS_complex,0.020810757612482828,4,6,"['OG6_114267', 'OG6_198998', 'OG6_103923', 'OG6_129980']"
MOT1-TBP_transcription_regulation_complex,0.049029033784546025,2,1,"['OG6_100597', 'OG6_101665']"
General_transcription_factor_TFIIIB_complex,0.033404503531589615,3,3,"['OG6_100597', 'OG6_101494', 'OG6_105326']"
General_transcription_factor_TFIIF_complex,-0.03449943774272018,3,3,"['OG6_123100', 'OG6_115055', 'OG6_102568']"
SWI/SNF_chromatin_remodelling_complex,0.10899537677813305,6,15,"['OG6_103095', 'OG6_101122', 'OG6_100909', 'OG6_123100', 'OG6_100964', 'OG6_137766']"
ARGR-MCM1_transcription_regulation_complex,-0.07207499701564472,2,1,"['OG6_186968', 'OG6_103066']"
CoQ_biosynthetic_complex,0.31349102758679614,6,15,"['OG6_103250', 'OG6_102172', 'OG6_104460', 'OG6_101003', 'OG6_102655', 'OG6_104041']"
Central_kinetochore_CTF19_complex,-0.050315460542662754,2,1,"['OG6_143758', 'OG6_121243']"
Cytoplasmic_dynein_complex,0.632189008740289,2,1,"['OG6_100025', 'OG6_101264']"
Kinetochore_MIS12_complex,0.0795702009590716,3,3,"['OG6_121243', 'OG6_107147', 'OG6_124902']"
COMA_complex,-0.06307376777101417,2,1,"['OG6_500389', 'OG6_500273']"
DPB11-SLD3-SLD2_DNA_replication_complex,-0.02394986955664633,3,3,"['OG6_500056', 'OG6_102493', 'OG6_500639']"
TUL1_E3_ubiquitin_ligase_complex,0.017989288108567782,4,6,"['OG6_105468', 'OG6_104409', 'OG6_112869', 'OG6_102329']"
Global_genome_repair_CUL3-RAD7-RAD16-ELC1_ubiquitin_ligase_complex,-0.04837074106816421,2,1,"['OG6_102066', 'OG6_102390']"
Gamma_tubulin_small_complex,-0.10386195952593294,2,1,"['OG6_101900', 'OG6_101897']"
SDS22-GLC7_phosphatase_complex,-0.04606638342265573,2,1,"['OG6_100222', 'OG6_102267']"
SDS22-GLC7-YPI1_phosphatase_complex,-0.02513055050377455,3,3,"['OG6_100222', 'OG6_102267', 'OG6_104011']"
REG1-GLC7_phosphatase_complex,0.1791435909750046,2,1,"['OG6_100222', 'OG6_500869']"
Glycine_decarboxylase_multienzyme_complex_,0.07514012725941455,4,6,"['OG6_100523', 'OG6_100619', 'OG6_101103', 'OG6_101195']"
Glycosylphosphatidylinositol-mannosyltransferase_I_complex,-0.03001225239993905,2,1,"['OG6_121253', 'OG6_102429']"
Glycosylphosphatidylinositol-N-acetylglucosaminyltransferase_complex,-0.029352610996245244,3,3,"['OG6_103823', 'OG6_105076', 'OG6_102977']"
GPI-anchor_transamidase_complex,0.15346274451816874,4,6,"['OG6_103068', 'OG6_104164', 'OG6_103076', 'OG6_103860']"
"LMA1_complex,_TRX1_variant",0.6621237844951975,2,1,"['OG6_110554', 'OG6_100096']"
"LMA1_complex,_TRX2_variant",0.6621237844951975,2,1,"['OG6_110554', 'OG6_100096']"
Luminal_surveillance_complex,0.07194704393154741,2,1,"['OG6_100083', 'OG6_101047']"
HTM1-PDI1_exomannosidase_complex,0.0041758694699622935,2,1,"['OG6_100478', 'OG6_101442']"
Mitochondrial_2-oxoglutarate_dehydrogenase_complex,0.002023925192497574,3,3,"['OG6_100523', 'OG6_101182', 'OG6_100311']"
MKT1-PBP1_translation_regulation_complex,0.054616817384637174,2,1,"['OG6_109072', 'OG6_111536']"
MYO2-VAC17-VAC8_transport_complex,-0.12965339877376564,2,1,"['OG6_100101', 'OG6_108710']"
"Nascent_polypeptide-associated_complex,_EGD1-EGD2_variant",0.9838368234476687,2,1,"['OG6_101216', 'OG6_101091']"
"Nascent_polypeptide-associated_complex,_BTT1-EGD2_variant",0.9838368234476687,2,1,"['OG6_101216', 'OG6_101091']"
Nonsense-mediated_decay_complex,0.016031266851357324,3,3,"['OG6_101981', 'OG6_103377', 'OG6_104140']"
NRD1_snoRNA_termination_complex,-0.0995398992281391,2,1,"['OG6_129981', 'OG6_101455']"
PSTB_lipid_transfer_acceptor_membrane_complex,0.18452301809873545,2,1,"['OG6_107063', 'OG6_102382']"
Peptide:N-glycanase-Rad23_complex,-0.027121435714764972,2,1,"['OG6_101279', 'OG6_103952']"
RAD53-ASF1_complex,0.17947875107838016,2,1,"['OG6_101842', 'OG6_101293']"
CDC48-RAD23-UFD2_complex,-0.003435611515271148,3,3,"['OG6_100525', 'OG6_101279', 'OG6_101833']"
RAT1-RAI1_RNA_polymerase_II_termination_complex,0.7529944991961186,2,1,"['OG6_104243', 'OG6_100417']"
RTT109-VPS75_histone_acetyltransferase_complex,-0.01838813245129836,2,1,"['OG6_132519', 'OG6_113601']"
RVS161-RVS167_amphiphysin_complex,0.6145582629276858,2,1,"['OG6_105748', 'OG6_109735']"
SEC23-LST1_COPII_cargo_recruitment_complex,0.5453321550854175,2,1,"['OG6_100992', 'OG6_101536']"
SET3C_histone_deacetylase_complex,0.007495627791677598,6,15,"['OG6_100528', 'OG6_118281', 'OG6_102387', 'OG6_100104', 'OG6_100248', 'OG6_103854']"
SLAC_complex,-0.007465518561547653,2,1,"['OG6_113608', 'OG6_104030']"
SLX4-RAD1-RAD10_endonuclease_complex,0.16647802295407294,2,1,"['OG6_101959', 'OG6_102832']"
SAW1-RAD1-RAD10_endonuclease_complex,0.16647802295407294,2,1,"['OG6_101959', 'OG6_102832']"
SMC5-SMC6_SUMO_ligase_complex,0.027547060752446548,4,6,"['OG6_103911', 'OG6_102377', 'OG6_102083', 'OG6_102062']"
SNO1-SNZ1_pyridoxal_5'-phosphate_synthase_complex,-0.012908854560773841,2,1,"['OG6_103407', 'OG6_102840']"
SNO2-SNZ1_pyridoxal_5'-phosphate_synthase_complex,-0.012908854560773841,2,1,"['OG6_103407', 'OG6_102840']"
SNT2C_histone_deacetylase_complex,-0.02421087506220794,2,1,"['OG6_100248', 'OG6_113007']"
SNX4-ATG20_sorting_nexin_complex,-3.469446951953614e-18,2,1,"['OG6_106436', 'OG6_111249']"
SNX4-SNX41_sorting_nexin_complex,-3.469446951953614e-18,2,1,"['OG6_106436', 'OG6_111249']"
Mitochondrial_succinyl-CoA_synthetase_complex,0.22897400746177,2,1,"['OG6_100409', 'OG6_100834']"
TAP42-RRD2-PPH21_phosphatase_complex,0.07922533770332588,3,3,"['OG6_100547', 'OG6_102570', 'OG6_101438']"
TAP42-RRD2-PPH22_phosphatase_complex,0.07922533770332588,3,3,"['OG6_100547', 'OG6_102570', 'OG6_101438']"
TRAPPIII_protein_complex,0.13756894503580266,6,15,"['OG6_102403', 'OG6_102292', 'OG6_102833', 'OG6_102532', 'OG6_102947', 'OG6_102399']"
Nuclear_meiotic_cohesin_complex,0.04043269892617769,2,1,"['OG6_101499', 'OG6_101525']"
UTP-A_complex,0.008849222338655812,6,15,"['OG6_102005', 'OG6_500457', 'OG6_102924', 'OG6_102917', 'OG6_102263', 'OG6_102666']"
UTP-B_complex,0.035708291834802064,6,15,"['OG6_102497', 'OG6_102672', 'OG6_102475', 'OG6_102171', 'OG6_102184', 'OG6_102330']"
UBP3-BRE5_ubiquitin_hydrolase_complex,-0.0015090665447222845,2,1,"['OG6_102794', 'OG6_103260']"
BBP-MUD2_branchpoint-binding_complex_,-0.04271152085096982,2,1,"['OG6_101356', 'OG6_102013']"
NOP8_60s_ribosome_pre-assembly_complex,0.04210921632856218,4,6,"['OG6_104307', 'OG6_103754', 'OG6_116846', 'OG6_500385']"
TEL2-TTI1-TTI2_complex,-0.02269834559483502,3,3,"['OG6_104423', 'OG6_115935', 'OG6_103878']"
COX1_pre-assembly_complex,0.026358985518628253,2,1,"['OG6_100423', 'OG6_114133']"
"Tubulin_alpha-beta_heterodimeric_complex,_TUB1_variant",0.8307857448102807,2,1,"['OG6_100137', 'OG6_100108']"
"Tubulin_alpha-beta_heterodimeric_complex,_TUB3_variant",0.8307857448102807,2,1,"['OG6_100137', 'OG6_100108']"
Myosin_class_II_complex,0.18284418192779775,2,1,"['OG6_100110', 'OG6_113025']"
"Myosin_class_V_complex,_MYO4_variant",-0.10088966638658133,3,3,"['OG6_100851', 'OG6_100101', 'OG6_113025']"
40S_cytosolic_small_ribosomal_subunit,0.2965749117380151,9,36,"['OG6_100514', 'OG6_100971', 'OG6_101107', 'OG6_100429', 'OG6_100920', 'OG6_101640', 'OG6_100367', 'OG6_101261', 'OG6_100373']"
60S_cytosolic_large_ribosomal_subunit,0.3753483096850046,8,28,"['OG6_100748', 'OG6_101109', 'OG6_100781', 'OG6_100665', 'OG6_100789', 'OG6_100702', 'OG6_100701', 'OG6_101624']"
54S_mitochondrial_large_ribosomal_subunit,0.22270918638043788,37,666,"['OG6_101181', 'OG6_114551', 'OG6_105720', 'OG6_100929', 'OG6_116994', 'OG6_123089', 'OG6_105363', 'OG6_104265', 'OG6_100949', 'OG6_105622', 'OG6_115525', 'OG6_100234', 'OG6_103727', 'OG6_100370', 'OG6_105063', 'OG6_104174', 'OG6_100325', 'OG6_100988', 'OG6_124821', 'OG6_117012', 'OG6_103501', 'OG6_102880', 'OG6_117002', 'OG6_103062', 'OG6_119806', 'OG6_143261', 'OG6_101573', 'OG6_101040', 'OG6_101056', 'OG6_100766', 'OG6_100842', 'OG6_101227', 'OG6_102992', 'OG6_103158', 'OG6_500647', 'OG6_111451', 'OG6_101118']"
37S_mitochondrial_small_ribosomal_subunit,0.2123764216829511,27,300,"['OG6_110914', 'OG6_115955', 'OG6_102116', 'OG6_101240', 'OG6_112859', 'OG6_104065', 'OG6_102025', 'OG6_101759', 'OG6_104516', 'OG6_101155', 'OG6_111592', 'OG6_101408', 'OG6_115945', 'OG6_115955', 'OG6_102117', 'OG6_119810', 'OG6_109870', 'OG6_101451', 'OG6_100373', 'OG6_100333', 'OG6_104079', 'OG6_101089', 'OG6_143686', 'OG6_100367', 'OG6_100208', 'OG6_100322', 'OG6_112794']"
RCL1-BMS1_40S_ribosomal_subunit_maturation_complex,-0.07728793150901753,2,1,"['OG6_102522', 'OG6_102112']"
"Nucleosome,_variant_HTA2-HTB2_",0.5853696322148721,4,6,"['OG6_100082', 'OG6_100120', 'OG6_100077', 'OG6_100119']"
"Nucleosome,_variant_HTA2-HTB1_",0.5853696322148721,4,6,"['OG6_100082', 'OG6_100120', 'OG6_100077', 'OG6_100119']"
"Nucleosome,_variant_HTA1-HTB1_",0.5853696322148721,4,6,"['OG6_100082', 'OG6_100120', 'OG6_100077', 'OG6_100119']"
"Nucleosome,_variant_HTZ1-HTB1_",0.352741231401913,4,6,"['OG6_100082', 'OG6_100120', 'OG6_100119', 'OG6_101774']"
"Nucleosome,_variant_HTZ1-HTB2",0.352741231401913,4,6,"['OG6_100082', 'OG6_100120', 'OG6_100119', 'OG6_101774']"
Clathrin_complex,0.9202761798861132,2,1,"['OG6_103026', 'OG6_101144']"
CLA4-BEM1-CDC24_polarity_complex,-0.11654108994687716,3,3,"['OG6_112509', 'OG6_114264', 'OG6_100484']"
MIH_complex,-0.07754127249930527,3,3,"['OG6_113025', 'OG6_103923', 'OG6_101564']"
ATR-ATRIP_DNA_damage-sensing_kinase_complex,-0.026294615440908622,2,1,"['OG6_102609', 'OG6_500211']"
SCF-Ydr131c_ubiquitin_ligase_complex,0.021744214170157747,3,3,"['OG6_104162', 'OG6_100934', 'OG6_101330']"
Nuclear_pore_complex,0.07724275142883388,23,136,"['OG6_102783', 'OG6_139042', 'OG6_500518', 'OG6_103333', 'OG6_116656', 'OG6_102040', 'OG6_102040', 'OG6_101883', 'OG6_108801', 'OG6_143877', 'OG6_103030', 'OG6_111140', 'OG6_137446', 'OG6_103478', 'OG6_103638', 'OG6_121211', 'OG6_101756', 'OG6_101756', 'OG6_101264', 'OG6_209971', 'OG6_101941', 'OG6_209971', 'OG6_103111']"
"alpha-1,6-mannosyltransferase_complex,_M-Pol_II_variant",0.025042436954723128,5,10,"['OG6_129583', 'OG6_132885', 'OG6_119656', 'OG6_106964', 'OG6_133176']"
ESCRT-0_complex,-0.03701166050988025,2,1,"['OG6_103033', 'OG6_110729']"
ESCRT-II_complex,0.4905354217587146,2,1,"['OG6_103180', 'OG6_102615']"
ESCRT-III_complex,0.1352840616617697,4,6,"['OG6_103236', 'OG6_102450', 'OG6_100985', 'OG6_102807']"
HOPS_tethering_complex,0.011557758957986164,4,6,"['OG6_102537', 'OG6_101460', 'OG6_103391', 'OG6_102133']"
CORVET_tethering_complex,-0.0007606600925409955,5,10,"['OG6_102537', 'OG6_101460', 'OG6_173107', 'OG6_102677', 'OG6_102133']"
RAVE_complex,0.02294222533382581,3,3,"['OG6_115930', 'OG6_100934', 'OG6_500644']"
TIM22_mitochondrial_inner_membrane_twin-pore_carrier_translocase_complex,0.06711536790779865,6,15,"['OG6_103037', 'OG6_500836', 'OG6_113593', 'OG6_103064', 'OG6_103841', 'OG6_102845']"
Mitochondrial_processing_peptidase_complex,0.8412258683122682,2,1,"['OG6_100777', 'OG6_102381']"
tRNA_(adenine(58)-N(1))-methyltransferase_complex,0.17632111065062533,2,1,"['OG6_102534', 'OG6_100880']"
tRNA_(guanine-N(7)-)-methyltransferase,0.881392388365495,2,1,"['OG6_103715', 'OG6_100919']"
Transcription_factor_TFIIA_complex,0.6488856845230502,2,1,"['OG6_107535', 'OG6_103706']"
Protein_farnesyltransferase_complex,0.5308943989181288,2,1,"['OG6_101706', 'OG6_102620']"
Protein_geranylgeranyltransferase_type_I_complex,0.6507952694654601,2,1,"['OG6_103705', 'OG6_102620']"
Protein_geranylgeranyltransferase_type_II_complex,-0.048984437475780344,2,1,"['OG6_102449', 'OG6_103227']"
"Oligosaccharyl_transferase_complex,_OST6_variant",0.016264583368662853,4,6,"['OG6_103031', 'OG6_100521', 'OG6_102688', 'OG6_103527']"
"Oligosaccharyl_transferase_complex,_OST3_variant",0.04010499323108157,5,10,"['OG6_103031', 'OG6_100521', 'OG6_102688', 'OG6_101708', 'OG6_103527']"
Nucleotide_excision_repair_factor_2_complex,-0.0801484974340204,2,1,"['OG6_102113', 'OG6_101279']"
GINS_complex,0.5291977246057208,3,3,"['OG6_102987', 'OG6_102982', 'OG6_103148']"
General_transcription_factor_complex_TFIID,0.023823759396284398,14,91,"['OG6_103773', 'OG6_100597', 'OG6_102824', 'OG6_123100', 'OG6_102926', 'OG6_102499', 'OG6_105779', 'OG6_103103', 'OG6_104008', 'OG6_103964', 'OG6_102177', 'OG6_101921', 'OG6_103784', 'OG6_133395']"
UDP-N-acetylglucosamine_transferase_complex,-0.0923897481756451,2,1,"['OG6_102531', 'OG6_102820']"
Ste4-Ste18_heterodimer,-0.025482359571881275,2,1,"['OG6_101247', 'OG6_110251']"
G_protein_heterotrimer,-0.04118413009541778,3,3,"['OG6_100285', 'OG6_101247', 'OG6_110251']"
SF3B_complex,0.09098166037238496,4,6,"['OG6_101702', 'OG6_102282', 'OG6_102496', 'OG6_102421']"
SF3A_complex,0.13085598064755344,2,1,"['OG6_102246', 'OG6_102158']"
RES_complex,-0.02867696673382023,2,1,"['OG6_102431', 'OG6_103002']"
PRP19-associated_complex,0.02916018351844742,35,595,"['OG6_102669', 'OG6_100085', 'OG6_102341', 'OG6_102543', 'OG6_102870', 'OG6_102145', 'OG6_102246', 'OG6_100305', 'OG6_101765', 'OG6_102614', 'OG6_101868', 'OG6_102431', 'OG6_100753', 'OG6_102085', 'OG6_103002', 'OG6_101702', 'OG6_103856', 'OG6_101743', 'OG6_103842', 'OG6_102196', 'OG6_102452', 'OG6_102282', 'OG6_102804', 'OG6_101940', 'OG6_102153', 'OG6_102607', 'OG6_102825', 'OG6_102092', 'OG6_102496', 'OG6_102323', 'OG6_102158', 'OG6_102567', 'OG6_106961', 'OG6_101977', 'OG6_101928']"
COPI_vesicle_coat_complex,0.15347797552665154,7,21,"['OG6_101348', 'OG6_102500', 'OG6_100064', 'OG6_101404', 'OG6_101729', 'OG6_101375', 'OG6_101600']"
Retromer_complex,0.15158192859945296,4,6,"['OG6_118299', 'OG6_101945', 'OG6_101403', 'OG6_102065']"
i-AAA_complex,-0.07591239905217398,2,1,"['OG6_101196', 'OG6_222606']"
General_transcription_factor_TFIIIC_complex,-0.048759101054707744,4,6,"['OG6_103511', 'OG6_198028', 'OG6_105212', 'OG6_102745']"
General_transcription_factor_TFIIH_complex,0.02161314772855932,9,36,"['OG6_103547', 'OG6_101742', 'OG6_103656', 'OG6_100822', 'OG6_101881', 'OG6_103797', 'OG6_102284', 'OG6_143879', 'OG6_103072']"
General_transcription_factor_complex_TFIIK,-0.039109504153912615,2,1,"['OG6_103547', 'OG6_103797']"
SPT4-SPT5_transcription_elongation_factor_complex,0.3365054998496579,2,1,"['OG6_101219', 'OG6_102281']"
Negative_cofactor_2_transcriptional_regulator_complex,0.31097775020943175,2,1,"['OG6_103329', 'OG6_103431']"
CYC8-TUP1_corepressor_complex,0.8049257839703813,2,1,"['OG6_101645', 'OG6_108387']"
DNA-directed_RNA_Polymerase_I_complex,0.15208546463246583,11,55,"['OG6_102180', 'OG6_101773', 'OG6_101049', 'OG6_101231', 'OG6_102056', 'OG6_102249', 'OG6_102491', 'OG6_103317', 'OG6_103646', 'OG6_500269', 'OG6_103939']"
MutLalpha_endonuclease_complex,-0.125,2,1,"['OG6_101943', 'OG6_101011']"
RENT_complex,-0.04660387464700644,2,1,"['OG6_103854', 'OG6_100917']"
MUS81-MMS4_structure-specific_endonuclease_complex,0.10719088695636016,2,1,"['OG6_105221', 'OG6_103117']"
Prefoldin_co-chaperone_complex,0.7850836316478378,4,6,"['OG6_102034', 'OG6_103090', 'OG6_102908', 'OG6_101532']"
Septin_complex,0.8131978543274897,4,6,"['OG6_104031', 'OG6_104146', 'OG6_108525', 'OG6_108099']"
Phosphatidylinositol_3-kinase_complex_II,0.022164991735553693,3,3,"['OG6_102384', 'OG6_101850', 'OG6_102610']"
TRAMP_complex_variant_4-1,-0.00047194065857974105,4,6,"['OG6_105655', 'OG6_101192', 'OG6_100340', 'OG6_101092']"
TRAMP_complex_variant_4-2,-0.0004719406585797399,4,6,"['OG6_101192', 'OG6_100340', 'OG6_101092', 'OG6_105655']"
TRAMP_complex_variant_5-1,0.03874720983345628,3,3,"['OG6_105655', 'OG6_100340', 'OG6_101092']"
Histone_acetyltransferase_B,0.5149617816939368,2,1,"['OG6_101102', 'OG6_102175']"
DBF2-MOB1_kinase_complex,0.22722961560641847,2,1,"['OG6_111464', 'OG6_101569']"
CBK1-MOB2_kinase_complex,-0.0650488049123948,2,1,"['OG6_112320', 'OG6_100850']"
Thp1-Sac3_complex,-0.07371944499712335,2,1,"['OG6_132492', 'OG6_121412']"
PHO80-PHO85_kinase_complex,0.17214892763400996,2,1,"['OG6_100334', 'OG6_101636']"
PCL6-PHO85_kinase_complex,0.17214892763400996,2,1,"['OG6_100334', 'OG6_101636']"
PCL7-PHO85_kinase_complex,0.17214892763400996,2,1,"['OG6_100334', 'OG6_101636']"
EMP24_complex,-0.040381144757759606,4,6,"['OG6_101558', 'OG6_103696', 'OG6_101611', 'OG6_102210']"
CLN1-CDC28_kinase_complex,-0.025724083670043935,3,3,"['OG6_100334', 'OG6_222615', 'OG6_100899']"
CLN3-CDC28_kinase_complex,-0.07627915115383305,2,1,"['OG6_100334', 'OG6_100899']"
CLB2-CDC28_kinase_complex,0.09055940182308295,2,1,"['OG6_100334', 'OG6_100199']"
CLB5-CDC28_kinase_complex,0.09055940182308295,2,1,"['OG6_100334', 'OG6_100199']"
Prohibitin_complex,-0.02414716691422005,2,1,"['OG6_101926', 'OG6_101763']"
BUD14-GLC7_phosphatase_complex,-0.06211589873546695,2,1,"['OG6_116980', 'OG6_100222']"
Ornithine_carbamoyltransferase_arginase_complex,-0.052494240462331906,2,1,"['OG6_102008', 'OG6_101472']"
Nucleotide-excision_repair_factor_1_complex,0.16647802295407294,2,1,"['OG6_101959', 'OG6_102832']"
Carboxy-terminal_domain_protein_kinase_complex,0.22833371386923268,2,1,"['OG6_101562', 'OG6_101677']"
Gin4_serine/threonine_kinase_complex,0.398864645137318,6,15,"['OG6_100833', 'OG6_104031', 'OG6_104146', 'OG6_108525', 'OG6_108099', 'OG6_100252']"
"TORC1_serine/threonine-protein_kinase_complex,_TOR1_variant",-0.06642762891260014,3,3,"['OG6_100794', 'OG6_101923', 'OG6_102432']"
"TORC1_serine/threonine-protein_kinase_complex,_TOR2_variant",-0.06642762891260014,3,3,"['OG6_100794', 'OG6_101923', 'OG6_102432']"
TORC2_complex,-0.030654340890049796,5,10,"['OG6_100794', 'OG6_103652', 'OG6_102432', 'OG6_116833', 'OG6_114145']"
GARP_tethering_complex,0.08631412988176083,4,6,"['OG6_103074', 'OG6_101848', 'OG6_102035', 'OG6_102785']"
PAF1_complex,-0.02895576817652018,5,10,"['OG6_104057', 'OG6_104699', 'OG6_103917', 'OG6_102191', 'OG6_102858']"
CTF18-RFC_complex,-0.03336595837896142,5,3,"['OG6_102480', 'OG6_100321', 'OG6_100321', 'OG6_101335', 'OG6_102931']"
Ku70:Ku80_complex,0.2080747603437269,2,1,"['OG6_102426', 'OG6_102536']"
NOC1-NOC2_pre-ribosome_maturation_complex,0.12008494030859951,2,1,"['OG6_102068', 'OG6_102698']"
NOC2-NOC3_pre-ribosome_maturation_complex,-0.06292028811241256,2,1,"['OG6_102068', 'OG6_102758']"
NOP14-NOC4_complex,-0.06248169749582505,2,1,"['OG6_102386', 'OG6_103518']"
Phenylalanyl-tRNA_synthetase_complex,0.8704063000845704,2,1,"['OG6_101233', 'OG6_100669']"
Ribosome-associated_complex,0.4200070888921703,2,1,"['OG6_102149', 'OG6_115931']"
Mitochondrial_sorting_and_assembly_machinery_complex,-0.09035079029052513,2,1,"['OG6_500464', 'OG6_102372']"
Nem1-Spo7_phosphatase_complex,-0.04264014327112208,2,1,"['OG6_115039', 'OG6_105071']"
TREX_complex,-0.021753087153531605,4,6,"['OG6_102850', 'OG6_103233', 'OG6_101150', 'OG6_101458']"
Endoplasmic_reticulum_snare_complex_UFE1-USE1-SEC20-SEC22,-0.02548235957188128,2,1,"['OG6_103713', 'OG6_104533']"
Endosomal_SNARE_complex_TLG2-VTI1-TLG1-SNC2,-0.045657201387918955,3,3,"['OG6_105078', 'OG6_101619', 'OG6_101479']"
Endosomal_SNARE_complex_TLG2-VTI1-TLG1-SNC1,-0.045657201387918955,3,3,"['OG6_105078', 'OG6_101619', 'OG6_101479']"
DBF20-MOB1_kinase_complex,0.22722961560641847,2,1,"['OG6_111464', 'OG6_101569']"
Vacuolar_SNARE_complex_VAM3-VTI1-VAM7-YKT6,-0.03939917826190025,4,6,"['OG6_103098', 'OG6_101684', 'OG6_101479', 'OG6_102289']"
Vacuolar_SNARE_complex_VAM3-VTI1-VAM7-NYV1,-0.017831252534788792,3,3,"['OG6_103098', 'OG6_101479', 'OG6_102289']"
Endosomal_SNARE_complex_PEP12-VTI1-SYN8-YKT6,-0.03939917826190025,4,6,"['OG6_103098', 'OG6_102289', 'OG6_101684', 'OG6_101479']"
Endosomal_SNARE_complex_PEP12-VTI1-TLG1-YKT6,-0.043292503898901435,4,6,"['OG6_102289', 'OG6_101684', 'OG6_101619', 'OG6_101479']"
Endosomal_SNARE_complex_PEP12-VTI1-TLG1-SNC1,-0.04654501673349328,4,6,"['OG6_105078', 'OG6_102289', 'OG6_101619', 'OG6_101479']"
Endosomal_SNARE_complex_PEP12-VTI1-SYN8-SNC1,-0.031161331851276605,4,6,"['OG6_105078', 'OG6_103098', 'OG6_102289', 'OG6_101479']"
Endosomal_SNARE_complex_PEP12-VTI1-SYN8-SNC2,-0.03116133185127661,4,6,"['OG6_103098', 'OG6_102289', 'OG6_105078', 'OG6_101479']"
Endosomal_SNARE_complex_PEP12-VTI1-TLG1-SNC2,-0.04654501673349329,4,6,"['OG6_102289', 'OG6_105078', 'OG6_101619', 'OG6_101479']"
Vesicular_SNARE_complex_SSO1-SEC9-SNC1,0.11200926713244945,3,3,"['OG6_105078', 'OG6_100497', 'OG6_112276']"
Vesicular_SNARE_complex_SSO1-SEC9-SNC2,0.11200926713244945,3,3,"['OG6_100497', 'OG6_105078', 'OG6_112276']"
Vesicular_SNARE_complex_SSO1-SPO20-SNC1,0.11200926713244945,3,3,"['OG6_105078', 'OG6_100497', 'OG6_112276']"
Vesicular_SNARE_complex_SSO2-SEC9-SNC2,0.11200926713244945,3,3,"['OG6_105078', 'OG6_100497', 'OG6_112276']"
Vesicular_SNARE_complex_SSO1-SPO20-SNC2,0.11200926713244945,3,3,"['OG6_100497', 'OG6_105078', 'OG6_112276']"
Vesicular_SNARE_complex_SSO2-SEC9-SNC1,0.11200926713244945,3,3,"['OG6_105078', 'OG6_100497', 'OG6_112276']"
Vacuolar_SNARE_complex_SSO1-SEC9-NYV1,0.3325290236062256,2,1,"['OG6_100497', 'OG6_112276']"
CCR4-NOT_mRNA_deadenylase_complex,0.11531681530849815,8,15,"['OG6_101639', 'OG6_101346', 'OG6_101511', 'OG6_101771', 'OG6_102042', 'OG6_101138', 'OG6_500871', 'OG6_101346']"
Dynactin_complex,-0.06058165620370898,2,1,"['OG6_104816', 'OG6_103885']"
Rad17-Mec3-Ddc1_checkpoint_clamp_complex,-0.04756514941544941,2,1,"['OG6_103936', 'OG6_500547']"
Rad17_RFC-like_complex,0.10138233826574088,5,3,"['OG6_103195', 'OG6_102480', 'OG6_100321', 'OG6_100321', 'OG6_101335']"
GCN1-GCN20_complex,-0.011698935458576212,2,1,"['OG6_102176', 'OG6_100624']"
NuA3_histone_acetyltransferase_complex,0.033576244386943614,4,6,"['OG6_103737', 'OG6_123100', 'OG6_102943', 'OG6_102102']"
"1,3-beta-D-glucan_synthase_complex,_FKS1-RHO1_variant",-0.15990647920525683,2,1,"['OG6_101682', 'OG6_101172']"
"1,3-beta-D-glucan_synthase_complex,_FKS2-RHO1_variant",-0.15990647920525683,2,1,"['OG6_101682', 'OG6_101172']"
R2TP_co-chaperone_complex,0.17806098119267721,3,3,"['OG6_105060', 'OG6_101792', 'OG6_101635']"
"TIM23_mitochondrial_inner_membrane_pre-sequence_translocase_complex,_sort_variant",-0.002827945340289959,4,6,"['OG6_102649', 'OG6_104555', 'OG6_102279', 'OG6_105143']"
"TIM23_mitochondrial_inner_membrane_pre-sequence_translocase_complex,_motor_variant",0.02790050761668151,7,21,"['OG6_100423', 'OG6_102649', 'OG6_100642', 'OG6_102816', 'OG6_102237', 'OG6_102279', 'OG6_101286']"
CCAAT-binding_factor_complex,-0.05477639040365997,3,3,"['OG6_102402', 'OG6_101084', 'OG6_101766']"
Eukaryotic_translation_initiation_factor_3_core_complex,0.13719761222893856,5,10,"['OG6_101924', 'OG6_101999', 'OG6_102668', 'OG6_101932', 'OG6_102687']"
tRNA-intron_endonuclease_complex,-0.04389261987675957,3,3,"['OG6_103858', 'OG6_102602', 'OG6_113531']"
Signal_peptidase_complex,-0.021154906381254186,3,3,"['OG6_100807', 'OG6_103476', 'OG6_102447']"
RNA_polymerase_I_core_factor_complex,0.07919765405964416,2,1,"['OG6_118120', 'OG6_500786']"
CUL3-HRT1-ELC1-ELA1_ubiquitin_ligase_complex,-0.04837074106816421,2,1,"['OG6_102066', 'OG6_102390']"
COG_Golgi_transport_complex,0.08599040312576214,5,10,"['OG6_103055', 'OG6_500111', 'OG6_142601', 'OG6_102906', 'OG6_102876']"
ATG12-ATG5_complex,-0.04756514941544942,2,1,"['OG6_103577', 'OG6_103775']"
ATG12-ATG5-ATG16_complex,-0.04756514941544942,2,1,"['OG6_103577', 'OG6_103775']"
Anthranilate_synthase_complex,0.5094959087751062,2,1,"['OG6_102508', 'OG6_103198']"
RPD3S_histone_deacetylase_complex,0.01066594846672002,3,3,"['OG6_101145', 'OG6_100248', 'OG6_102009']"
RPD3L_histone_deacetylase_complex,0.07216503181478248,7,21,"['OG6_101145', 'OG6_142300', 'OG6_100248', 'OG6_500066', 'OG6_500648', 'OG6_107420', 'OG6_108030']"
CKM_complex,0.0429505082965031,2,1,"['OG6_100099', 'OG6_102974']"
Golgi_SNARE_complex_SED5-BOS1-BET1-SEC22,-0.025316455696202528,2,1,"['OG6_102735', 'OG6_102103']"
Golgi_SNARE_complex_SED5-GOS1-SFT1-YKT6,-0.044986283901248154,3,3,"['OG6_101684', 'OG6_102989', 'OG6_102103']"
Serine/threonine-protein_phosphatase_PP2A_variant_1,0.24013644907904563,3,3,"['OG6_100547', 'OG6_101100', 'OG6_100728']"
Serine/threonine-protein_phosphatase_PP2A_variant_2,0.2640260473373797,3,3,"['OG6_100547', 'OG6_101100', 'OG6_100293']"
Serine/threonine-protein_phosphatase_PP2A_variant_4,0.2640260473373797,3,3,"['OG6_100547', 'OG6_101100', 'OG6_100293']"
Serine/threonine-protein_phosphatase_PP2A_variant_3,0.24013644907904563,3,3,"['OG6_100547', 'OG6_101100', 'OG6_100728']"
GET4-GET5_transmembrane_domain_recognition_complex,0.09947467896045616,4,6,"['OG6_100223', 'OG6_121320', 'OG6_103135', 'OG6_153145']"
PeBoW_complex,-0.05125844648305452,3,3,"['OG6_102136', 'OG6_102525', 'OG6_102659']"
TAP42-RRD1-SIT4_phosphatase_complex,0.017024400417614424,3,3,"['OG6_103044', 'OG6_101438', 'OG6_102570']"
SIT4-SAP155_phosphatase_complex,0.04464392358191585,2,1,"['OG6_103044', 'OG6_222578']"
SIT4-SAP185_phosphatase_complex,0.2675559767311531,2,1,"['OG6_103044', 'OG6_100938']"
SIT4-SAP190_phosphatase_complex,0.2675559767311531,2,1,"['OG6_103044', 'OG6_100938']"
Nuclear_mitotic_cohesin_complex,0.09215571972077319,3,3,"['OG6_101499', 'OG6_101525', 'OG6_103388']"
Nuclear_condensin_complex,0.02960711088094268,5,10,"['OG6_103100', 'OG6_101492', 'OG6_102273', 'OG6_103650', 'OG6_101113']"
RQT_ribosome-associated_quality_control_trigger_complex,-0.01967611321635869,3,3,"['OG6_121406', 'OG6_172873', 'OG6_100305']"
ADA_complex,0.013084979491229144,4,6,"['OG6_122832', 'OG6_104616', 'OG6_100940', 'OG6_101489']"
SLIK_(SAGA-like)_complex,0.012707999953701163,16,120,"['OG6_105306', 'OG6_122832', 'OG6_104616', 'OG6_102222', 'OG6_112471', 'OG6_102926', 'OG6_101815', 'OG6_102914', 'OG6_500210', 'OG6_103103', 'OG6_120122', 'OG6_100940', 'OG6_101489', 'OG6_101921', 'OG6_103784', 'OG6_119711']"
Mitochondrial_NIAUFX_iron-sulfur_cluster_assembly_complex,0.07991156633228877,5,10,"['OG6_100745', 'OG6_100820', 'OG6_100973', 'OG6_102217', 'OG6_100695']"
"Vacuolar_proton_translocating_ATPase_complex,_Golgi_variant",0.008734370987408951,11,36,"['OG6_105122', 'OG6_100544', 'OG6_100902', 'OG6_100711', 'OG6_101992', 'OG6_101069', 'OG6_100711', 'OG6_100301', 'OG6_102324', 'OG6_101800', 'OG6_101449']"
"Vacuolar_proton_translocating_ATPase_complex,_vacuole_variant",0.008734370987408948,11,36,"['OG6_105122', 'OG6_100544', 'OG6_100902', 'OG6_100711', 'OG6_101992', 'OG6_100301', 'OG6_101069', 'OG6_100711', 'OG6_102324', 'OG6_101800', 'OG6_101449']"
BOL3-GRX5_iron-sulfur_cluster_assembly_complex,0.08554854695402998,2,1,"['OG6_104163', 'OG6_101462']"
MRE11-RAD50-XRS2_meiotic_recombination_initiation_complex,0.016367018104735814,2,1,"['OG6_101667', 'OG6_101854']"
Nucleolar_ribonuclease_P_complex,0.21244433167846435,4,6,"['OG6_103583', 'OG6_101654', 'OG6_102854', 'OG6_103108']"
TREX-2_transcription-export_complex,-0.07274831733861563,3,3,"['OG6_104526', 'OG6_132492', 'OG6_121412']"
"Phosphatidylinositol_3-kinase_complex,_class_III,_type_I",0.022164991735553693,3,3,"['OG6_102384', 'OG6_101850', 'OG6_102610']"
"HAP1_transcriptional_repressor_complex,_SSA1_variant",-0.21316335946081905,2,1,"['OG6_100083', 'OG6_100614']"
"HAP1_transcriptional_repressor_complex,_SSA2_variant",-0.21316335946081905,2,1,"['OG6_100083', 'OG6_100614']"
HDA1_histone_deacetylase_complex,0.7220066861181392,3,3,"['OG6_100220', 'OG6_500921', 'OG6_500493']"
NineTeen_complex,0.03450654354663187,6,15,"['OG6_102669', 'OG6_102145', 'OG6_103856', 'OG6_102607', 'OG6_102092', 'OG6_101977']"
"RSC_chromatin_remodelling_complex,_variant_RSC2",0.040236139735772246,10,28,"['OG6_100964', 'OG6_101122', 'OG6_115041', 'OG6_100909', 'OG6_103614', 'OG6_112445', 'OG6_137766', 'OG6_103095', 'OG6_103614', 'OG6_500338']"
"RSC_chromatin_remodelling_complex,_variant_RSC1",0.040236139735772246,10,28,"['OG6_100964', 'OG6_101122', 'OG6_115041', 'OG6_100909', 'OG6_103614', 'OG6_103614', 'OG6_112445', 'OG6_137766', 'OG6_103095', 'OG6_500338']"
Exocyst,0.024428453087933392,7,21,"['OG6_102697', 'OG6_101663', 'OG6_104006', 'OG6_102748', 'OG6_104892', 'OG6_103938', 'OG6_102983']"
RPB4-RPB7_subcomplex,0.9066826951390281,2,1,"['OG6_102742', 'OG6_102167']"
MPP10_complex,0.07191578219523646,3,3,"['OG6_102070', 'OG6_102269', 'OG6_102223']"
COP9_signalosome_complex,-0.1250610798961445,2,1,"['OG6_101860', 'OG6_102889']"
mRNA_cleavage_factor_complex_CFIA,0.13457999927484027,4,6,"['OG6_102277', 'OG6_100265', 'OG6_112326', 'OG6_101503']"
mRNA_cleavage_factor_complex_CFI,0.0748097582789182,5,10,"['OG6_102277', 'OG6_100265', 'OG6_112326', 'OG6_101503', 'OG6_101082']"
DNA-directed_RNA_polymerase_II_complex,0.2640268804431238,10,45,"['OG6_100210', 'OG6_100190', 'OG6_101363', 'OG6_102742', 'OG6_101049', 'OG6_101231', 'OG6_102056', 'OG6_102455', 'OG6_102167', 'OG6_101401']"
Chromosomal_passenger_complex,0.027149179917883844,2,1,"['OG6_109783', 'OG6_100573']"
Small_ribosomal_subunit_processome,0.02923127168641119,25,300,"['OG6_100868', 'OG6_103832', 'OG6_102159', 'OG6_102358', 'OG6_102411', 'OG6_103119', 'OG6_102551', 'OG6_102261', 'OG6_101116', 'OG6_102360', 'OG6_102932', 'OG6_116866', 'OG6_102419', 'OG6_102389', 'OG6_101162', 'OG6_102322', 'OG6_102803', 'OG6_100538', 'OG6_101337', 'OG6_101493', 'OG6_102033', 'OG6_102946', 'OG6_126521', 'OG6_101575', 'OG6_101323']"
"GID_E3_ubiquitin_ligase_complex,_GID10_variant",0.016279042653437756,6,15,"['OG6_102395', 'OG6_102654', 'OG6_103231', 'OG6_102407', 'OG6_104071', 'OG6_102297']"
"GID_E3_ubiquitin_ligase_complex,_GID11_variant",0.0018652404692164344,5,10,"['OG6_102395', 'OG6_102654', 'OG6_103231', 'OG6_102407', 'OG6_102297']"
PBA1-PBA2_proteasomal_chaperone_complex,0.9539348356756998,2,1,"['OG6_104586', 'OG6_500775']"
DNA_polymerase_zeta_complex,0.041510848868960185,3,3,"['OG6_102751', 'OG6_104299', 'OG6_102286']"
MIS_complex,-0.02531645569620252,2,1,"['OG6_104881', 'OG6_103808']"
"Vacuolar_transporter_chaperone_complex,_VTC3_variant",0.006123046412650111,3,3,"['OG6_107280', 'OG6_106806', 'OG6_122869']"
"Vacuolar_transporter_chaperone_complex,_VTC2_variant",0.006123046412650111,3,3,"['OG6_107280', 'OG6_122869', 'OG6_106806']"
THO_complex,-0.03070298056470156,2,1,"['OG6_102850', 'OG6_103233']"
Peroxisomal_receptor_export_module_complex,-0.03846153846153845,2,1,"['OG6_103335', 'OG6_103617']"
PEX2-PEX10-PEX12_ubiquitin_ligase_complex,0.14782809899727065,2,1,"['OG6_103569', 'OG6_103665']"
Peroxisomal_PEX13-PEX14-PEX17_docking_complex,-0.0177892016741205,2,1,"['OG6_105746', 'OG6_105516']"
TRAPP_II_complex,0.10005352574952313,7,21,"['OG6_102403', 'OG6_102292', 'OG6_102532', 'OG6_102947', 'OG6_104539', 'OG6_102399', 'OG6_113512']"
TRAPPI_protein_complex,0.18513266340514858,5,10,"['OG6_102403', 'OG6_102292', 'OG6_102532', 'OG6_102947', 'OG6_102399']"
Methionyl_glutamyl_tRNA_synthetase_complex,0.40479863390358867,3,3,"['OG6_101454', 'OG6_103886', 'OG6_100893']"
DNA_polymerase_alpha:primase_complex,-0.03349147076177823,4,6,"['OG6_101221', 'OG6_102343', 'OG6_102391', 'OG6_102459']"
DNA_polymerase_delta_complex,0.08301023918649221,2,1,"['OG6_101046', 'OG6_102286']"
DNA_polymerase_epsilon_complex,0.004705086240606103,4,6,"['OG6_101586', 'OG6_102104', 'OG6_104378', 'OG6_103217']"
Swr1_chromatin_remodelling_complex,0.06286438374344144,10,45,"['OG6_100249', 'OG6_104154', 'OG6_102680', 'OG6_102192', 'OG6_100127', 'OG6_102754', 'OG6_101792', 'OG6_101779', 'OG6_101635', 'OG6_103780']"
Chaperonin-containing_T-complex,0.9372383799800686,8,15,"['OG6_101890', 'OG6_101721', 'OG6_100235', 'OG6_101757', 'OG6_101716', 'OG6_100235', 'OG6_101782', 'OG6_102087']"
"Myosin_class_V_complex,_MYO2_variant",-0.10088966638658133,3,3,"['OG6_100851', 'OG6_100101', 'OG6_113025']"
26S_proteasome_complex,0.2196526706689073,31,465,"['OG6_102724', 'OG6_102011', 'OG6_102240', 'OG6_102061', 'OG6_101968', 'OG6_101631', 'OG6_101382', 'OG6_101970', 'OG6_100897', 'OG6_101718', 'OG6_101621', 'OG6_102164', 'OG6_101410', 'OG6_101915', 'OG6_101965', 'OG6_101899', 'OG6_101390', 'OG6_101799', 'OG6_102002', 'OG6_101680', 'OG6_102143', 'OG6_101207', 'OG6_101477', 'OG6_101835', 'OG6_101751', 'OG6_101513', 'OG6_101776', 'OG6_102079', 'OG6_102054', 'OG6_102014', 'OG6_101896']"
SOD1-CCS1_superoxide_dismutase_heterodimer,0.06166040299389078,2,1,"['OG6_101013', 'OG6_105544']"
TIM9-TIM10_mitochondrial_intermembrane_space_protein_transporter_complex,0.5763225669118068,2,1,"['OG6_103037', 'OG6_103064']"
CIA_targeting_complex,0.06109773530947845,2,1,"['OG6_102900', 'OG6_102166']"
COPII_vesicle_coat_complex,0.08868235871625801,5,10,"['OG6_100992', 'OG6_101164', 'OG6_101250', 'OG6_101023', 'OG6_101941']"
Kinetochore_CCAN_complex,-0.05048799707941029,3,3,"['OG6_500389', 'OG6_143758', 'OG6_500273']"
MMS2-UBC13_ubiquitin_ligase_complex,-0.10725743028343765,2,1,"['OG6_101934', 'OG6_101344']"
"Nucleosome,_variant_HTA1-HTB2_",0.5853696322148721,4,6,"['OG6_100082', 'OG6_100120', 'OG6_100077', 'OG6_100119']"
2-(3-amino-3-carboxypropyl)histidine_synthase_complex,0.14420447592074262,2,1,"['OG6_103331', 'OG6_101267']"
DNA-directed_RNA_polymerase_III_complex,0.5134593019564573,15,105,"['OG6_100210', 'OG6_102180', 'OG6_500829', 'OG6_101049', 'OG6_101231', 'OG6_102056', 'OG6_100190', 'OG6_122843', 'OG6_102491', 'OG6_102868', 'OG6_102251', 'OG6_101831', 'OG6_102756', 'OG6_103530', 'OG6_101491']"
ISA1-ISA2-IBA57_mitochondrial_iron-sulfur_protein_assembly_complex,0.08276694213461562,3,3,"['OG6_102468', 'OG6_101081', 'OG6_101909']"
Snf1_protein_kinase_complex_variant_SIP2_,0.22731344866283765,3,3,"['OG6_100252', 'OG6_101734', 'OG6_101253']"
"Elongation_Factor_eEF1_complex,_variant_CAM1",0.26031389010920974,3,3,"['OG6_100227', 'OG6_101050', 'OG6_101695']"
BRE1-RAD6_ubiquitin_ligase_complex,-0.0266410089298844,2,1,"['OG6_101178', 'OG6_113897']"
UBR1-RAD6_ubiquitin_ligase_complex,0.17947195148503073,2,1,"['OG6_101178', 'OG6_101603']"
RSP5-BUL1_ubiquitin_ligase_complex,0.005486560669776895,2,1,"['OG6_100256', 'OG6_160270']"
RSP5-BUL2_ubiquitin_ligase_complex,0.005486560669776895,2,1,"['OG6_100256', 'OG6_160270']"
RAD6-UBR2_ubiquitin_ligase_complex,0.17947195148503073,2,1,"['OG6_101178', 'OG6_101603']"
MUB1-RAD6-UBR2_ubiquitin_ligase_complex,0.0729365489072335,3,3,"['OG6_101178', 'OG6_137830', 'OG6_101603']"
MCM_complex,-0.011216952683780045,6,15,"['OG6_101598', 'OG6_101336', 'OG6_102165', 'OG6_101805', 'OG6_102101', 'OG6_101983']"
CDC48-NPL4-UFD1_AAA_ATPase_complex,0.15070626572730217,3,3,"['OG6_100525', 'OG6_101880', 'OG6_101567']"
TIM9-TIM10-TIM12_mitochondrial_intermembrane_space_protein_transporter_complex,0.5309640421814336,3,3,"['OG6_103037', 'OG6_500836', 'OG6_103064']"
"1,3-beta-D-glucan_synthase_complex,_FKS3-RHO1_variant",-0.15990647920525683,2,1,"['OG6_101682', 'OG6_101172']"
Acetolactate_synthase_complex,-0.0515472086703696,2,1,"['OG6_100369', 'OG6_104341']"
Translocon_complex,0.09301968224063961,4,6,"['OG6_102234', 'OG6_106907', 'OG6_100672', 'OG6_114113']"
SEC62-SEC63_complex,0.22860576361187743,3,3,"['OG6_102234', 'OG6_106907', 'OG6_114113']"
CDC48-NPL4-VMS1_AAA_ATPase_complex,-0.09862110090486322,3,3,"['OG6_100525', 'OG6_101880', 'OG6_104356']"
HRD1_E3_ubiquitin_ligase_complex,-0.024756095491706945,3,3,"['OG6_101672', 'OG6_101047', 'OG6_102274']"
PAS_complex,-0.016372207106467106,4,6,"['OG6_101979', 'OG6_101803', 'OG6_103112', 'OG6_102134']"
Mitochondrial_DNA-directed_RNA_polymerase_complex,0.04874672521110018,2,1,"['OG6_101824', 'OG6_122928']"
NuA4_histone_acetyltransferase_complex,-0.006993719856901134,12,66,"['OG6_137182', 'OG6_101815', 'OG6_102490', 'OG6_102943', 'OG6_102680', 'OG6_105343', 'OG6_102192', 'OG6_100127', 'OG6_102754', 'OG6_156413', 'OG6_100632', 'OG6_102009']"
SPOTS_complex,-0.04243621266965533,3,3,"['OG6_102559', 'OG6_101364', 'OG6_100700']"
Sulfite_reductase_complex_(NADPH),0.2703496852983623,2,1,"['OG6_111529', 'OG6_103271']"
EGO_complex,0.11005599428299871,2,1,"['OG6_102660', 'OG6_102718']"
EAF5-7-3_nucleosome_disassembly/reassembly_complex,-0.0125,2,1,"['OG6_105343', 'OG6_102009']"
Piccolo_NuA4_histone_acetyltransferase_complex,-0.02651214264351129,3,3,"['OG6_137182', 'OG6_102490', 'OG6_100632']"
ERMES_complex,0.04423591998925369,5,10,"['OG6_114985', 'OG6_101658', 'OG6_110538', 'OG6_111233', 'OG6_112022']"
Mitochondrial_pyruvate_dehydrogenase_complex,0.19321806960659044,5,10,"['OG6_100523', 'OG6_101258', 'OG6_100754', 'OG6_116999', 'OG6_101309']"
"Mitotic_checkpoint_complex,_MAD1-MAD2-BUB1-BUB3_subcomplex",-0.03865957545172734,4,6,"['OG6_102928', 'OG6_103958', 'OG6_103574', 'OG6_103677']"
FACT_complex,-0.050387102552408615,2,1,"['OG6_102309', 'OG6_101807']"
Core_mediator_complex,0.09188146743173167,12,66,"['OG6_143677', 'OG6_500770', 'OG6_137788', 'OG6_143850', 'OG6_104763', 'OG6_122984', 'OG6_103162', 'OG6_102673', 'OG6_103658', 'OG6_103150', 'OG6_221206', 'OG6_500086']"
SEA_complex,0.05536451632568268,8,28,"['OG6_104395', 'OG6_104131', 'OG6_103955', 'OG6_103753', 'OG6_103638', 'OG6_104242', 'OG6_101941', 'OG6_104440']"
GSE_complex,0.06087920475832273,3,3,"['OG6_104128', 'OG6_102660', 'OG6_102718']"
SCF-Cdc4_ubiquitin_ligase_complex,0.08193196298539174,4,6,"['OG6_101649', 'OG6_104162', 'OG6_100934', 'OG6_101330']"
SCF-Grr1_ubiquitin_ligase_complex,0.025582586591181133,4,6,"['OG6_104162', 'OG6_101086', 'OG6_100934', 'OG6_101330']"
SCF-Mdm30_ubiquitin_ligase_complex,0.021744214170157747,3,3,"['OG6_104162', 'OG6_100934', 'OG6_101330']"
SCF-Ufo1_ubiquitin_ligase_complex,0.09524942294617077,4,6,"['OG6_104162', 'OG6_100934', 'OG6_500743', 'OG6_101330']"
SCF-Das1_ubiquitin_ligase_complex,0.021744214170157747,3,3,"['OG6_104162', 'OG6_100934', 'OG6_101330']"
SCF-MET30_E3_ubiquitin_ligase_complex,-0.0015805902036238374,4,6,"['OG6_104162', 'OG6_112271', 'OG6_100934', 'OG6_101330']"
SCF-Dia2_ubiquitin_ligase_complex,0.11811616839185866,4,6,"['OG6_104162', 'OG6_100934', 'OG6_119818', 'OG6_101330']"
SCF-Ylr352w_ubiquitin_ligase_complex,0.013035165312967431,4,6,"['OG6_104162', 'OG6_100934', 'OG6_115059', 'OG6_101330']"
SCF-Saf1_ubiquitin_ligase_complex,0.021744214170157747,3,3,"['OG6_104162', 'OG6_100934', 'OG6_101330']"
SCF-Hrt3_ubiquitin_ligase_complex,-0.00684087780013384,4,6,"['OG6_104162', 'OG6_100934', 'OG6_101330', 'OG6_104095']"
Ribosome_quality_control_complex,0.037190073531531524,6,15,"['OG6_100525', 'OG6_101880', 'OG6_101567', 'OG6_105606', 'OG6_102686', 'OG6_101297']"
Mitochondrial_proton-transporting_ATP_synthase_complex,0.14929553981365964,10,45,"['OG6_100608', 'OG6_111834', 'OG6_100771', 'OG6_101031', 'OG6_102981', 'OG6_100847', 'OG6_115888', 'OG6_101225', 'OG6_104623', 'OG6_115057']"
Nucleolar_ribonuclease_MRP_complex,0.11547866469701955,5,10,"['OG6_103583', 'OG6_101654', 'OG6_102854', 'OG6_103108', 'OG6_143849']"
PAN2-PAN3_mRNA_deadenylation_complex,0.06610798078332585,2,1,"['OG6_103887', 'OG6_102772']"
Telomerase_holoenzyme_complex,-0.05547001962252292,2,1,"['OG6_222561', 'OG6_104485']"
